"Prey","PreyGene","WT_UB_WT_BR_SaintScore","WT_UB_WT_BR_log2FoldChange","WT_UB_WT_BR_MG_SaintScore","WT_UB_WT_BR_MG_log2FoldChange","WT_KO_BR_SaintScore","WT_KO_BR_log2FoldChange","WT_KO_BR_MG_SaintScore","WT_KO_BR_MG_log2FoldChange","SE_UB_WT_BR_SaintScore","SE_UB_WT_BR_log2FoldChange","SE_UB_WT_BR_MG_SaintScore","SE_UB_WT_BR_MG_log2FoldChange","SE_KO_BR_SaintScore","SE_KO_BR_log2FoldChange","SE_KO_BR_MG_SaintScore","SE_KO_BR_MG_log2FoldChange"
"Q9NQC7-2","CYLD",1,5.19652836093694,0.65,4.05918219921169,0.98,4.7371459197762,0.31,2.73768676140986,0.66,4.7371459197762,0.99,5.32192809488736,0.33,3.32192809488736,0.33,3.73660487531425
"Q09666","AHNAK",1,5.8245132973348,1,5.05874941233552,0.99,5.98481717429359,0.33,3.32192809488736,0.87,3.4594316186373,0.93,3.16992500144231,1,5.54442356218942,0.65,5.43729433149714
"Q9UM54-6","MYO6",1,5.98481717429359,0.67,5.73687542290827,1,6.64385618977472,0.67,4.90689059560852,1,6.90689059560852,1,7.0588576212267,0.67,5.98481717429359,0.67,6.260590274731
"P21333-2","FLNA",1,4.7371459197762,1,4.36946648365072,1,2.07724299893246,0.62,1.28688114778816,0.93,3.10097764772482,0.99,3.18269229751619,1,8.22881869049588,0.99,7.61963309577915
"P35579","MYH9",1,5.90689059560852,1,6.12928301694497,0.94,3.64385618977472,0.31,1.58496250072116,0.11,1.20789285164133,0.06,0.6959938131099,1,5.8245132973348,1,5.43729433149714
"Q16666-2","IFI16",1,6.260590274731,1,6.43746079951105,1,6.94637996751037,0.98,6.12928301694497,1,6.94637996751037,1,6.59499633654093,1,7.43737756790512,1,6.59499633654093
"P27816-2","MAP4",1,5.32192809488736,1,5.05874941233552,0.99,5.19652836093694,0.66,4.7371459197762,1,5.32192809488736,1,6.12928301694497,0.66,5.32192809488736,0.67,5.43729433149714
"Q9Y490","TLN1",1,6.43746079951105,1,6.32192809488736,1,6.38076407498511,0.66,5.54442356218942,0.98,4.08746284125034,0.84,3.24792751344359,0.65,5.43729433149714,0.33,3.73660487531425
"P68371","TUBB4B",0.99,5.43729433149714,0.65,4.05918219921169,0.17,1,0,-0.494109070270043,0.13,0.807354922057604,0.39,1.32192809488736,0.08,0,0.25,0.584962500721156
"Q13813","SPTAN1",0.98,4.7371459197762,0.32,2.73768676140986,0.98,4.7371459197762,0.33,3.73660487531425,0.3,1,0.25,0.584962500721156,NA,NA,NA,NA
"Q14315-2","FLNC",0.91,3.52356195605701,0.97,3.4594316186373,0.27,0.584962500721156,0,-0.15200309344505,0.67,1.90689059560852,0.54,1.58496250072116,0.11,-0.415037499278844,0.17,0
"Q9NZM1-2","MYOF",0.81,2.58496250072116,0.71,2.58496250072116,0.19,0.713695814843359,0.01,-0.136061549576028,0.28,0.84799690655495,0.76,2.13750352374994,0.33,3.32192809488736,0.67,4.7371459197762
"P19105","MYL12A",0.67,5.05874941233552,1,5.19652836093694,1,5.8245132973348,0.62,3.73660487531425,0.39,1.16992500144231,0.77,2.08746284125034,0.33,3.73660487531425,0.65,4.05918219921169
"TXP0CG47","TXP0CG47",0.67,6.0589658220023,1,8.3951913609566,1,6.94637996751037,1,8.22881869049588,1,7.49185309632967,1,9.48516515394955,1,7.69118517364028,1,8.5051366831481
"A6NHQ2","FBLL1",0.67,5.05874941233552,0.67,5.98481717429359,0.67,5.19652836093694,0.33,4.32192809488736,0,-2.18442457113743,0,0.356143810225275,0,-1.39592867633114,0,-0.494109070270043
"P38646","HSPA9",0.66,4.7371459197762,0.33,3.73660487531425,1,5.19652836093694,0.33,3.73660487531425,0.37,1.32192809488736,0.29,1,0.46,1.41683974191283,0.3,1
"P54886-2","ALDH18A1",0.66,4.32192809488736,NA,NA,NA,NA,0.62,3.73660487531425,NA,NA,NA,NA,NA,NA,NA,NA
"Q16555-2","DPYSL2",0.66,4.90689059560852,NA,NA,NA,NA,NA,NA,0.33,3.73660487531425,0.67,4.7371459197762,0.32,2.73768676140986,0.32,2.73768676140986
"P07900","HSP90AA1",0.65,4.90689059560852,0.33,3.73660487531425,0.01,0.263034405833794,0,-1.73696559416621,0,-1.39592867633114,0,-1.39592867633114,0.66,4.32192809488736,0.32,2.73768676140986
"P55072","VCP",0.65,4.32192809488736,0.99,5.32192809488736,0.33,3.32192809488736,0.62,3.73660487531425,0.66,4.32192809488736,1,5.54442356218942,NA,NA,0.33,4.05918219921169
"Q14247","CTTN",0.65,4.54411440220947,0.67,5.19652836093694,0.33,4.54411440220947,0.66,4.90689059560852,0.99,5.19652836093694,0.66,4.7371459197762,NA,NA,0.33,3.32192809488736
"P26038","MSN",0.65,4.05918219921169,NA,NA,0.65,4.05918219921169,0.31,2.73768676140986,0.04,-1,NA,NA,NA,NA,NA,NA
"Q9UJU6","DBNL",0.65,4.05918219921169,NA,NA,0.65,4.05918219921169,NA,NA,0.15,0,NA,NA,NA,NA,NA,NA
"Q8IVF2-3","AHNAK2",0.65,4.32192809488736,0.32,2.73768676140986,NA,NA,NA,NA,0.67,4.90689059560852,0.32,2.73768676140986,0.65,4.54411440220947,NA,NA
"P50914","RPL14",0.65,4.05918219921169,0.64,3.73660487531425,0.02,-0.184424571137427,0,-0.666576266274808,0,-1.68965987938785,0,-1.83650126771712,0.33,1.26303440583379,0.31,1.13750352374994
"O00571-2","DDX3X",0.64,3.73660487531425,0.33,3.73660487531425,0.32,2.73768676140986,NA,NA,0.09,-0.577766999316952,0.42,1.22032995487956,0.64,3.73660487531425,NA,NA
"P11717","IGF2R",0.64,3.73660487531425,NA,NA,NA,NA,NA,NA,0.97,4.54411440220947,NA,NA,0.33,3.32192809488736,NA,NA
"P78527-2","PRKDC",0.64,3.73660487531425,0.65,4.05918219921169,0.35,1,0.22,1,NA,NA,0.22,0.411426245726465,NA,NA,0.32,2.73768676140986
"P33176","KIF5B",0.64,3.73660487531425,0.32,2.73768676140986,NA,NA,NA,NA,0.32,2.73768676140986,NA,NA,NA,NA,NA,NA
"P78356-2","PIP4K2B",0.64,3.73660487531425,NA,NA,NA,NA,NA,NA,NA,NA,NA,NA,NA,NA,NA,NA
"P62269","RPS18",0.64,3.73660487531425,NA,NA,NA,NA,NA,NA,0.64,3.73660487531425,0.32,2.73768676140986,NA,NA,NA,NA
"P24844","MYL9",0.64,3.73660487531425,0.64,3.73660487531425,0.33,4.54411440220947,0.31,2.73768676140986,0.33,3.32192809488736,1,5.54442356218942,0.33,3.32192809488736,0.33,3.32192809488736
"Q96CW1-2","AP2M1",0.64,3.73660487531425,0.65,4.05918219921169,0.65,3.73660487531425,0.31,2.73768676140986,0.64,3.73660487531425,0.32,2.73768676140986,0.65,4.05918219921169,NA,NA
"P62249","RPS16",0.64,3.73660487531425,NA,NA,0.32,2.73768676140986,NA,NA,NA,NA,NA,NA,NA,NA,NA,NA
"Q8TBX8-3","PIP4K2C",0.64,3.73660487531425,0.32,2.73768676140986,0.65,4.05918219921169,NA,NA,NA,NA,NA,NA,0.32,2.73768676140986,NA,NA
"P07355","ANXA2",0.63,2,0.82,2.36176835941915,0.33,1.09761079662642,0.01,0.27500704749987,0.18,1,0.58,1.92219784839637,0.91,2.85798099512757,0.74,2.39231742277876
"P04083","ANXA1",0.6,2.4594316186373,0.98,3.52356195605701,0.93,3.39231742277876,0.56,2.32192809488736,0.3,1.22032995487956,0.51,1.58496250072116,1,5.90689059560852,0.67,5.64385618977472
"P12814-2","ACTN1",0.59,2.32192809488736,0.69,2.114367024952,0.72,2.32192809488736,0.18,0.584962500721156,0,-2.25153876699596,0,-2.47393118833241,0.65,4.54411440220947,0.65,4.05918219921169
"P23284","PPIB",0.5,1.58496250072116,0.35,1,0.67,2,0.12,0,0.22,0.321928094887362,0.26,0.584962500721156,NA,NA,0.33,3.32192809488736
"P04792","HSPB1",0.5,1.8073549220576,0.62,2.16992500144231,0.33,3.73660487531425,0.31,2.73768676140986,NA,NA,0.33,4.05918219921169,NA,NA,0.29,1
"O43707","ACTN4",0.5,2.114367024952,0.5,1.58496250072116,0.4,1.32192809488736,NA,NA,0,-3.05889368905357,0,-3.64385618977472,0.33,4.05918219921169,0.32,2.73768676140986
"P17661","DES",0.45,1.41683974191283,0.51,1.58496250072116,0.06,0,0,-0.184424571137427,0.3,1.22032995487956,0.91,2.73768676140986,0.43,1.83592407425437,0.19,0.773996325111173
"P26373","RPL13",0.44,1.41683974191283,0.46,1.58496250072116,0.53,1.58496250072116,0.21,0.807354922057604,0.67,4.90689059560852,0.99,5.32192809488736,0.23,0.584962500721156,0.7,2.32192809488736
"Q4G0J3","LARP7",0.44,1.41683974191283,0.28,1,0.42,1.32192809488736,0.24,1,0.33,3.32192809488736,0.65,3.73660487531425,0.33,4.05918219921169,0.32,2.73768676140986
"Cont_P05787","Cont_P05787",0.42,1.48542682717024,0.27,0.84799690655495,0.11,0.895302621333307,0,0,0.97,4.54411440220947,0.99,4.90689059560852,0.22,0.584962500721156,0.27,0.807354922057604
"Q9NWT1","PAK1IP1",0.39,1.32192809488736,0.23,0.584962500721156,0.32,2.73768676140986,NA,NA,0.64,3.73660487531425,0.66,4.05918219921169,NA,NA,0.33,3.32192809488736
"O43242","PSMD3",0.39,1.32192809488736,0.32,1,NA,NA,NA,NA,NA,NA,NA,NA,NA,NA,NA,NA
"Q15149-7","PLEC",0.38,1.67807190511264,NA,NA,0.67,2.22342254993494,NA,NA,0.09,-0.577766999316952,0.54,2,0.65,4.32192809488736,0.32,2.73768676140986
"Q8TDD1-2","DDX54",0.38,1.41683974191283,0.36,1.22032995487956,0.05,0.485426827170242,0.02,0,0.65,4.05918219921169,NA,NA,NA,NA,0.32,2.73768676140986
"P61978-3","HNRNPK",0.33,3.32192809488736,NA,NA,0.32,2.73768676140986,NA,NA,NA,NA,NA,NA,NA,NA,NA,NA
"P27797","CALR",0.33,3.32192809488736,0.96,4.32192809488736,0.98,4.7371459197762,0.31,2.73768676140986,0.15,0,0.18,0,0.32,2.73768676140986,NA,NA
"P14618","PKM",0.33,3.32192809488736,0.32,2.73768676140986,0.33,4.05918219921169,NA,NA,NA,NA,NA,NA,NA,NA,NA,NA
"Q96A19","CCDC102A",0.33,3.32192809488736,NA,NA,NA,NA,NA,NA,NA,NA,0.32,2.73768676140986,NA,NA,NA,NA
"P31946-2","YWHAB",0.33,3.32192809488736,NA,NA,0.32,2.73768676140986,NA,NA,NA,NA,NA,NA,NA,NA,NA,NA
"Q9BUF5","TUBB6",0.33,4.05918219921169,0.33,3.32192809488736,0.43,1.22032995487956,NA,NA,0.12,0.516015147003665,0.34,1.09761079662642,NA,NA,0.22,0.411426245726465
"P16070-18","CD44",0.33,3.32192809488736,NA,NA,NA,NA,NA,NA,NA,NA,NA,NA,NA,NA,NA,NA
"P37802","TAGLN2",0.33,3.32192809488736,NA,NA,NA,NA,NA,NA,0.33,3.32192809488736,0.67,4.7371459197762,0.33,4.05918219921169,NA,NA
"P35251-2","RFC1",0.33,3.32192809488736,0.33,3.32192809488736,NA,NA,0.31,2.73768676140986,NA,NA,0.32,2.73768676140986,0.32,2.73768676140986,NA,NA
"P61026","RAB10",0.33,3.32192809488736,0.33,3.32192809488736,0.32,2.73768676140986,NA,NA,NA,NA,NA,NA,NA,NA,NA,NA
"O60664-4","PLIN3",0.33,3.32192809488736,NA,NA,NA,NA,NA,NA,NA,NA,0.33,3.32192809488736,NA,NA,NA,NA
"Q15084-3","PDIA6",0.33,3.32192809488736,NA,NA,0.32,2.73768676140986,NA,NA,NA,NA,0.33,3.32192809488736,NA,NA,NA,NA
"Q9UM82","SPATA2",0.33,3.32192809488736,0.32,2.73768676140986,NA,NA,NA,NA,0.66,4.32192809488736,NA,NA,NA,NA,NA,NA
"O95208-3","EPN2",0.33,3.32192809488736,NA,NA,NA,NA,NA,NA,NA,NA,NA,NA,NA,NA,NA,NA
"P14625","HSP90B1",0.33,3.32192809488736,NA,NA,NA,NA,NA,NA,NA,NA,NA,NA,NA,NA,NA,NA
"P14866","HNRNPL",0.33,3.32192809488736,NA,NA,0.33,3.32192809488736,NA,NA,NA,NA,NA,NA,NA,NA,NA,NA
"O95359-2","TACC2",0.33,3.32192809488736,NA,NA,NA,NA,NA,NA,0.32,2.73768676140986,0.32,2.73768676140986,NA,NA,NA,NA
"Q9HCE1","MOV10",0.33,3.32192809488736,NA,NA,NA,NA,NA,NA,NA,NA,NA,NA,NA,NA,NA,NA
"O60814","HIST1H2BK",0.33,6.0589658220023,0.67,6.73701067768181,0.35,1.71808758396052,0.32,1.6507645591169,NA,NA,1,7.73694305188008,0.61,2.23572705983806,0.97,3.44095219802964
"P50402","EMD",0.33,3.32192809488736,NA,NA,0.32,2.73768676140986,NA,NA,NA,NA,NA,NA,NA,NA,NA,NA
"Cont_Q2KJD0","Cont_Q2KJD0",0.33,4.05918219921169,0.65,4.05918219921169,0.37,1,0.07,-0.415037499278844,0.09,0.464668267003444,0.43,1.25096157353322,NA,NA,0.25,0.739848102699327
"P07339","CTSD",0.33,3.73660487531425,NA,NA,NA,NA,NA,NA,NA,NA,NA,NA,NA,NA,NA,NA
"Q04637-6","EIF4G1",0.33,3.32192809488736,NA,NA,NA,NA,NA,NA,NA,NA,NA,NA,NA,NA,NA,NA
"P18206-2","VCL",0.33,5.05874941233552,0.33,3.32192809488736,0.41,1.58496250072116,NA,NA,0.03,-0.321928094887362,0.14,-0.321928094887362,NA,NA,NA,NA
"P08758","ANXA5",0.33,3.73660487531425,0.32,2.73768676140986,0.33,3.32192809488736,NA,NA,NA,NA,NA,NA,NA,NA,NA,NA
"Q01082","SPTBN1",0.33,4.54411440220947,NA,NA,NA,NA,NA,NA,0.09,-0.577766999316952,NA,NA,NA,NA,NA,NA
"P17987","TCP1",0.33,3.32192809488736,NA,NA,NA,NA,NA,NA,NA,NA,NA,NA,NA,NA,NA,NA
"P13639","EEF2",0.33,3.32192809488736,NA,NA,0.33,3.32192809488736,NA,NA,NA,NA,NA,NA,NA,NA,NA,NA
"P20700","LMNB1",0.33,3.73660487531425,0.32,2.73768676140986,0.33,3.73660487531425,NA,NA,NA,NA,NA,NA,NA,NA,NA,NA
"P06576","ATP5B",0.33,4.05918219921169,0.65,4.32192809488736,0.33,3.73660487531425,NA,NA,NA,NA,0.17,0.411426245726465,NA,NA,NA,NA
"Q5SW79-3","CEP170",0.33,3.32192809488736,0.32,2.73768676140986,0.32,2.73768676140986,NA,NA,0.33,3.73660487531425,NA,NA,NA,NA,NA,NA
"P04899-6","GNAI2",0.32,2.73768676140986,NA,NA,NA,NA,NA,NA,NA,NA,NA,NA,NA,NA,NA,NA
"O95782-2","AP2A1",0.32,2.73768676140986,NA,NA,0.32,2.73768676140986,NA,NA,NA,NA,NA,NA,NA,NA,NA,NA
"Q14847","LASP1",0.32,2.73768676140986,0.33,3.32192809488736,NA,NA,NA,NA,0.32,2.73768676140986,0.32,2.73768676140986,NA,NA,NA,NA
"P30101","PDIA3",0.32,2.73768676140986,NA,NA,NA,NA,NA,NA,NA,NA,0.18,0,NA,NA,NA,NA
"P0DPB6","P0DPB6",0.32,2.73768676140986,0.64,3.73660487531425,0.33,3.73660487531425,0.31,2.73768676140986,0.32,2.73768676140986,0.65,3.73660487531425,0.16,0,0.15,0
"Q15436-2","SEC23A",0.32,2.73768676140986,NA,NA,NA,NA,NA,NA,NA,NA,NA,NA,NA,NA,NA,NA
"Q16181-2","45542",0.32,2.73768676140986,NA,NA,0.32,2.73768676140986,NA,NA,NA,NA,0.32,2.73768676140986,0.65,4.05918219921169,NA,NA
"P08240-2","SRPRA",0.32,2.73768676140986,NA,NA,NA,NA,NA,NA,NA,NA,NA,NA,NA,NA,NA,NA
"P04075","ALDOA",0.32,2.73768676140986,NA,NA,0.27,0.739848102699327,NA,NA,NA,NA,NA,NA,NA,NA,NA,NA
"P63244","RACK1",0.32,2.73768676140986,0.32,2.73768676140986,NA,NA,NA,NA,0.32,2.73768676140986,NA,NA,NA,NA,NA,NA
"Q6UWP8","SBSN",0.32,2.73768676140986,NA,NA,0.65,3.73660487531425,0.33,3.32192809488736,0.32,2.73768676140986,NA,NA,NA,NA,NA,NA
"Q9NY12-2","GAR1",0.32,0.807354922057604,0.33,0.910732661902913,0,-2.55639334852439,NA,NA,0,-1,NA,NA,0.05,-0.415037499278844,NA,NA
"Q99623","PHB2",0.32,2.73768676140986,NA,NA,NA,NA,NA,NA,NA,NA,NA,NA,NA,NA,NA,NA
"Q02383","SEMG2",0.32,2.73768676140986,0.32,2.73768676140986,0.12,-0.415037499278844,0.02,-1,0.96,4.32192809488736,0.33,6.38076407498511,NA,NA,NA,NA
"Cont_Q7SIH1","Cont_Q7SIH1",0.32,2.73768676140986,0.33,3.32192809488736,0.32,2.73768676140986,0.31,2.73768676140986,NA,NA,0.32,2.73768676140986,NA,NA,NA,NA
"Q05682-5","CALD1",0.32,2.73768676140986,0.32,2.73768676140986,NA,NA,0.31,2.73768676140986,0.33,3.32192809488736,0.33,3.32192809488736,NA,NA,NA,NA
"Q86YT6","MIB1",0.32,2.73768676140986,NA,NA,NA,NA,NA,NA,NA,NA,NA,NA,NA,NA,NA,NA
"O76094-2","SRP72",0.32,2.73768676140986,0.32,2.73768676140986,0.35,1,0.22,1,0.32,2.73768676140986,0.98,4.54411440220947,NA,NA,0.32,2.73768676140986
"Q7KZF4","SND1",0.32,2.73768676140986,NA,NA,NA,NA,NA,NA,NA,NA,NA,NA,NA,NA,0.33,4.32192809488736
"P29401","TKT",0.32,2.73768676140986,NA,NA,NA,NA,NA,NA,NA,NA,NA,NA,NA,NA,NA,NA
"Cont_P00722","Cont_P00722",0.32,2.73768676140986,0.33,3.32192809488736,0.65,4.05918219921169,NA,NA,0.33,3.73660487531425,0.99,5.32192809488736,NA,NA,NA,NA
"P52594-2","AGFG1",0.32,2.73768676140986,NA,NA,NA,NA,NA,NA,NA,NA,NA,NA,NA,NA,NA,NA
"P27635","RPL10",0.32,2.73768676140986,NA,NA,NA,NA,NA,NA,NA,NA,NA,NA,NA,NA,NA,NA
"Q86W42-3","THOC6",0.32,1,0.32,1,0.42,1.32192809488736,0.11,0,0.15,0,0.36,1,0.61,2,0.15,0
"O14974-5","PPP1R12A",0.32,2.73768676140986,NA,NA,0.32,2.73768676140986,NA,NA,0.33,3.32192809488736,0.32,2.73768676140986,NA,NA,NA,NA
"O75369-5","FLNB",0.32,2.73768676140986,0.32,2.73768676140986,0.42,1.32192809488736,0.11,0,0.32,2.73768676140986,NA,NA,NA,NA,NA,NA
"Q8N9T8","KRI1",0.32,2.73768676140986,NA,NA,NA,NA,NA,NA,NA,NA,NA,NA,NA,NA,NA,NA
"Q9UJU6-6","DBNL",0.32,2.73768676140986,NA,NA,NA,NA,NA,NA,NA,NA,NA,NA,NA,NA,NA,NA
"O75396","SEC22B",0.32,2.73768676140986,NA,NA,0.33,3.32192809488736,0.33,3.32192809488736,0.32,2.73768676140986,0.32,2.73768676140986,NA,NA,0.32,2.73768676140986
"Q709C8-4","VPS13C",0.32,2.73768676140986,NA,NA,NA,NA,NA,NA,NA,NA,NA,NA,NA,NA,NA,NA
"Q15050","RRS1",0.32,2.73768676140986,NA,NA,NA,NA,NA,NA,NA,NA,NA,NA,NA,NA,NA,NA
"Q8N3C0","ASCC3",0.32,2.73768676140986,0.33,3.32192809488736,NA,NA,NA,NA,0.33,3.32192809488736,0.33,3.32192809488736,NA,NA,NA,NA
"P46087-3","NOP2",0.32,2.73768676140986,NA,NA,NA,NA,NA,NA,NA,NA,NA,NA,NA,NA,NA,NA
"A0A8I5KQE6","A0A8I5KQE6",0.32,2.73768676140986,NA,NA,NA,NA,NA,NA,NA,NA,NA,NA,NA,NA,NA,NA
"Q15717","ELAVL1",0.32,2.73768676140986,NA,NA,NA,NA,NA,NA,NA,NA,NA,NA,NA,NA,NA,NA
"Q14739","LBR",0.32,2.73768676140986,NA,NA,NA,NA,NA,NA,0.32,2.73768676140986,NA,NA,NA,NA,NA,NA
"Q6WCQ1-3","MPRIP",0.32,2.73768676140986,NA,NA,NA,NA,NA,NA,NA,NA,NA,NA,NA,NA,NA,NA
"P67775-2","PPP2CA",0.32,2.73768676140986,NA,NA,NA,NA,NA,NA,NA,NA,NA,NA,NA,NA,NA,NA
"P50990","CCT8",0.32,2.73768676140986,NA,NA,0.65,4.05918219921169,0.33,3.73660487531425,0.66,4.32192809488736,0.67,4.7371459197762,0.33,3.73660487531425,0.33,4.05918219921169
"Cont_Q5KR48","Cont_Q5KR48",0.32,2.73768676140986,NA,NA,0.32,2.73768676140986,NA,NA,NA,NA,NA,NA,NA,NA,NA,NA
"P00505-2","GOT2",0.32,2.73768676140986,NA,NA,NA,NA,NA,NA,NA,NA,NA,NA,NA,NA,NA,NA
"O43143","DHX15",0.32,2.73768676140986,0.32,2.73768676140986,NA,NA,NA,NA,NA,NA,0.42,1.32192809488736,NA,NA,NA,NA
"P61619-3","SEC61A1",0.32,2.73768676140986,NA,NA,NA,NA,NA,NA,NA,NA,NA,NA,NA,NA,NA,NA
"P62491-2","RAB11A",0.32,2.73768676140986,NA,NA,NA,NA,NA,NA,NA,NA,NA,NA,NA,NA,NA,NA
"P08238","HSP90AB1",0.3,0.6959938131099,0.36,0.910732661902913,0.22,0.545968369105292,0,-1.39592867633114,0,-0.454031630894707,0,0.176322772640463,0.99,5.05874941233552,0.97,4.7371459197762
"Cont_P60712","Cont_P60712",0.3,0.75702324650746,0.33,1.19534759832222,0,0.55581615506164,0,-0.217591435072627,0,-0.577766999316952,0,0.575312330687437,0.65,2,0.58,1.62760683812965
"P61247","RPS3A",0.28,1,0.53,2,NA,NA,0,-1.39592867633114,NA,NA,0,-1.73696559416621,0.21,0.678071905112638,0.05,0.263034405833794
"P22626-2","HNRNPA2B1",0.28,1,0.53,2,0.75,2.32192809488736,0.12,0,0,-0.862496476250065,0,-1.47393118833241,0.65,4.05918219921169,0.33,3.32192809488736
"Q7Z6E9-2","RBBP6",0.23,0.584962500721156,0.16,0,0.53,1.8073549220576,0.35,1.58496250072116,0.17,0.411426245726465,0.11,-0.577766999316952,0.32,2.73768676140986,NA,NA
"Q13769","THOC5",0.23,0.321928094887362,NA,NA,0.2,0,0.01,-1.32192809488736,NA,NA,0.33,3.32192809488736,0.17,0,0.08,-0.577766999316952
"Q9BZE4-2","GTPBP4",0.23,0.584962500721156,0.46,1.58496250072116,0.24,0.411426245726465,NA,NA,0.33,3.73660487531425,NA,NA,NA,NA,NA,NA
"Cont_P20930","Cont_P20930",0.23,0.263034405833794,NA,NA,0.27,0.739848102699327,0.06,-0.577766999316952,NA,NA,NA,NA,NA,NA,NA,NA
"P52272-2","HNRNPM",0.23,1,0.34,1,0,-0.643856189774725,0,-0.810966175609983,0,-1,0,-1,NA,NA,NA,NA
"Cont_Q5D862","Cont_Q5D862",0.17,0,0.29,1,NA,NA,NA,NA,0.32,2.73768676140986,NA,NA,NA,NA,NA,NA
"Cont_P19012","Cont_P19012",0.17,0,0.56,1.73552217729654,NA,NA,0.31,2.73768676140986,0.32,2.73768676140986,0.32,2.73768676140986,NA,NA,NA,NA
"P23396","RPS3",0.17,0,NA,NA,0.4,1.16992500144231,0.2,0.807354922057604,0.39,1.22032995487956,0.44,1.22032995487956,NA,NA,0.47,1.58496250072116
"P68400","CSNK2A1",0.17,0,0.27,0.739848102699327,0.65,4.05918219921169,NA,NA,0.66,2.16992500144231,0.88,2.70043971814109,0.49,1.58496250072116,0.48,2
"Q92900-2","UPF1",0.16,0,NA,NA,NA,NA,NA,NA,0.32,2.73768676140986,NA,NA,NA,NA,NA,NA
"Q5C9Z4","NOM1",0.16,0,0.16,0,NA,NA,NA,NA,0.32,2.73768676140986,NA,NA,NA,NA,NA,NA
"Cont_P02662","Cont_P02662",0.16,0,0.23,0.584962500721156,NA,NA,NA,NA,NA,NA,NA,NA,NA,NA,NA,NA
"O43818","RRP9",0.15,0.584962500721156,0.02,-1,0.65,4.05918219921169,0.33,4.05918219921169,0.22,0.584962500721156,NA,NA,NA,NA,NA,NA
"P13646-3","KRT13",0.15,0.516015147003665,0.52,1.58496250072116,NA,NA,0,-1.35845397091248,0.34,1,0.33,0.807354922057604,NA,NA,NA,NA
"P67809","YBX1",0.14,0.739848102699327,0.19,0.871843648509318,0,-0.761213140412883,0,-0.395928676331139,0,-0.494109070270043,0,-0.340075441597622,0.48,1.58496250072116,0.02,-0.2688167584278
"Cont_Q04695","Cont_Q04695",0.13,0.632268215499513,0.15,1.06350294230616,0,-0.168122758808327,0,-0.358453970912476,0.2,1.20163386116965,0.01,-0.514573172829758,0,-1.78587519464715,0,-1.78587519464715
"P46782","RPS5",0.09,-0.577766999316952,0.3,1.22032995487956,0,-0.377069649079823,0,-0.556393348524385,0.65,4.7371459197762,NA,NA,NA,NA,0.16,0
"P15924","DSP",0.08,0,0.22,0.584962500721156,NA,NA,NA,NA,NA,NA,NA,NA,NA,NA,NA,NA
"P02751-5","FN1",0.07,-0.494109070270043,NA,NA,NA,NA,NA,NA,0.05,-0.736965594166206,0.02,-1.32192809488736,0.33,4.05918219921169,NA,NA
"P09874","PARP1",0.05,-0.736965594166206,0.02,-1.32192809488736,0.32,2.73768676140986,NA,NA,0,-0.577766999316952,0.01,-1,NA,NA,0.41,1.58496250072116
"Cont_Q2M2I5","Cont_Q2M2I5",0.05,-0.736965594166206,0.3,0.84799690655495,NA,NA,0,-1.78587519464715,NA,NA,NA,NA,NA,NA,NA,NA
"Q15542","TAF5",0.05,0.321928094887362,0.01,-0.415037499278844,0.12,0.895302621333307,0.04,0.367371065648529,0,-1.18442457113743,0,-1.59946207041627,0.49,1.58496250072116,0.16,0
"P51532-5","SMARCA4",0.05,-0.736965594166206,0.09,0.485426827170242,0.66,4.32192809488736,0.64,4.05918219921169,0.64,3.73660487531425,0.32,2.73768676140986,NA,NA,0.05,-0.736965594166206
"Q8NI27","THOC2",0.04,-0.577766999316952,0,-1.59946207041627,0.19,0,NA,NA,0.3,1,NA,NA,0.66,4.54411440220947,0.66,4.7371459197762
"Q9NR30-2","DDX21",0.04,0.189033824390017,0.02,0.516015147003665,0.33,3.73660487531425,0.33,3.32192809488736,0.16,0,0.44,1.22032995487956,0,-2,0,-0.415037499278844
"O00268","TAF4",0.03,0.464668267003444,0.05,0.321928094887362,0,-0.200912693925996,0,-1.08926733809709,0,-1.32192809488736,0,-1,0.07,-0.415037499278844,0,-2
"P19388","POLR2E",0.03,-0.810966175609983,NA,NA,NA,NA,NA,NA,NA,NA,NA,NA,NA,NA,NA,NA
"Q9GZS1","POLR1E",0.02,-0.217591435072627,0.03,0,0,-2.32192809488736,0,-0.736965594166206,NA,NA,NA,NA,NA,NA,0.17,0
"P02545","LMNA",0.01,0.485426827170242,0,0.485426827170242,0,0.298658315564515,0,-1,0,0.16349873228288,0.29,1.13093086982645,0,0.298658315564515,0,0.111031312388744
"P39023","RPL3",0.01,0,0,-1.78587519464715,0.62,1.87578006306849,NA,NA,0.03,0,0.01,-1.32192809488736,0.3,1.32192809488736,0.22,0.584962500721156
"P61313","RPL15",0.01,-0.217591435072627,0.05,0.516015147003665,0,-1.15200309344505,0,-1.47393118833241,0,-1.59946207041627,0.2,0,0.02,-0.666576266274808,0.02,-0.184424571137427
"P62805","HIST1H4L;HIST1H4K;HIST4H4;HIST1H4I;HIST1H4C;HIST1H4B;HIST1H4J;HIST2H4A;HIST1H4A;HIST1H4E;HIST1H4F;HIST2H4B;HIST1H4H;HIST1H4D",0.01,0.432959407276106,0.32,1.40599235967584,0.02,-0.104697378666693,0,-0.168122758808327,0,-0.0439433475875971,0,-0.473931188332412,0.32,1.17632277264046,0.01,1.20163386116965
"Q5VWG9","TAF3",0.01,-1,NA,NA,0.03,0.150559676575381,0.01,-0.577766999316952,0.25,1,0.3,0.807354922057604,0.32,1,0.15,0
"P25705","ATP5A1",0.01,0.150559676575381,0,-0.83650126771712,0.49,1.4594316186373,NA,NA,0.01,0.464668267003444,0.01,-0.184424571137427,0.39,1.32192809488736,0.22,0.584962500721156
"P05141","SLC25A5",0.01,-1.32192809488736,0.29,0.84799690655495,0.05,-0.494109070270043,0.04,0.650764559116902,NA,NA,NA,NA,NA,NA,NA,NA
"Q9H0A0","NAT10",0.01,-0.2688167584278,0.1,0.22650852980868,0,0.238786859587116,NA,NA,0,-0.136061549576028,0,-0.136061549576028,1,5.64385618977472,1,5.43729433149714
"Q99848","EBNA1BP2",0.01,0.137503523749935,0,-0.321928094887362,0,0.124328135002202,0,-0.136061549576028,0,-0.454031630894707,0,0.263034405833794,0.05,0.871843648509318,0.04,0.739848102699327
"Cont_Q86YZ3","Cont_Q86YZ3",0,-0.862496476250065,0,0.16349873228288,0.33,1.34482849699744,0.11,0.75702324650746,0,0.16349873228288,0,-2.12029423371771,0,-0.643856189774725,NA,NA
"P05166","PCCB",0,-1.64385618977472,0,-3.18442457113743,0,-0.785875194647153,0,-2.55639334852439,0,-4.32192809488736,0,-4.05889368905357,0,-2.94341647163363,0,-2.55639334852439
"Cont_P05783","Cont_P05783",0,0,0.05,0.37851162325373,0,-0.713118852211838,0,-0.83650126771712,0.67,4.7371459197762,1,5.64385618977472,0.06,0,0.07,0.22650852980868
"P62753","RPS6",0,-1.88896868761126,0,-0.915935735211525,0,0,0,-1.21759143507263,0,-0.286304185156641,0,-0.862496476250065,0.33,1.49569516262407,0,-0.454031630894707
"Q07020","RPL18",0,-1.73696559416621,0,-0.454031630894707,0.32,1.05658352836637,0,-0.120294233717712,0.32,1.58496250072116,0.71,1.77820857639809,0.13,0.411426245726465,0,-1.59946207041627
"Q02878","RPL6",0,-0.971430847803229,0,-0.377069649079823,0,0.298658315564515,0,-0.377069649079823,0,-1.55639334852439,0,0.150559676575381,0,0.565597175854225,0,0.20163386116965
"Cont_P00761","Cont_P00761",0,-1.43440282414577,0,-0.810966175609983,0,-2.64385618977472,0,-1.25153876699596,0,0.263034405833794,0.1,0.903038270112912,0,-1.28630418515664,0,-1.15200309344505
"Q9Y2X3","NOP58",0,-0.358453970912476,0,0.286881147788162,0.06,1.22032995487956,0,-0.15200309344505,0,-0.577766999316952,0,-0.434402824145775,0,0.799087306074004,0,0.432959407276106
"P62263","RPS14",0,-0.217591435072627,0,-0.217591435072627,0.36,1.22032995487956,0.19,0.831877241191673,0,-0.234465253637023,0.28,1.20789285164133,0,-1.08926733809709,0,0.16349873228288
"P84098","RPL19",0,-0.358453970912476,0,-0.415037499278844,0.01,0.650764559116902,0.03,0.443606651475615,0.04,0.871843648509318,0.54,1.62293035092018,0,-1.39592867633114,0,-0.943416471633633
"Q9HBM6","TAF9B",0,-1.59946207041627,0.12,-0.2688167584278,0,-1.25153876699596,NA,NA,NA,NA,NA,NA,NA,NA,NA,NA
"Q71U36-2","TUBA1A",0,-1.18442457113743,0.17,1,0.13,-0.321928094887362,0.08,-0.321928094887362,0.33,4.05918219921169,0.33,4.05918219921169,NA,NA,0.33,3.73660487531425
"Q8N0X7","SPG20",0,0,0,0.344828496997441,0.07,0.650764559116902,0.37,1.28095631383106,0.27,1.16992500144231,0.64,1.75702324650746,0.67,3.52356195605701,0.66,3
"P18583-7","SON",0,-0.395928676331139,0,0.0976107966264223,0,-0.577766999316952,0,-0.3040061868901,0,-1.32192809488736,0,-0.862496476250065,0,0.356143810225275,0,-0.473931188332412
"O43854-2","EDIL3",0,0.150559676575381,0.01,0,0.26,1.25096157353322,0.01,-0.184424571137427,0,-0.286304185156641,0.03,0.238786859587116,0.25,0.584962500721156,0.06,-0.415037499278844
"P08670","VIM",0,-0.168122758808327,0,-0.0740005814437769,0,0.124328135002202,0,-0.3040061868901,0,-0.136061549576028,0,0.739848102699327,0,1.13093086982645,0,0.356143810225275
"Q9BU76-4","MMTAG2",0,-0.713118852211838,0,-0.168122758808327,0.34,1.96347412397489,0.29,1.20163386116965,0,-1.73696559416621,0,-0.0588936890535686,0.56,2.20163386116965,0.58,2
"O60832-2","DKC1",0,-0.395928676331139,0,0.298658315564515,0,0.16349873228288,0,-0.340075441597622,0,-0.862496476250065,0,0.565597175854225,0,-0.168122758808327,0,0.0285691521967709
"Q9P2E9","RRBP1",0,-0.599462070416271,0,-0.3040061868901,0,0.238786859587116,0,-0.217591435072627,0,0.55581615506164,0,-0.286304185156641,0,0.27500704749987,0.33,1.33913738491959
"O00567","NOP56",0,-0.943416471633633,0,-0.862496476250065,0.3,1.40053792958373,0.02,0.545968369105292,0,-0.535331732996556,0,0,0,0.176322772640463,0,0.250961573533219
"P61254","RPL26",0,-0.577766999316952,0,-0.83650126771712,0,-0.666576266274808,NA,NA,0.33,3.32192809488736,NA,NA,NA,NA,NA,NA
"P22087","FBL",0,-0.104697378666693,0,0.0565835283663675,0.32,1.48542682717024,0,-0.104697378666693,0,-0.434402824145775,0,-0.689659879387849,0,-1.08926733809709,0,-0.666576266274808
"Q9UNF1-2","MAGED2",0,-0.83650126771712,0.24,0,0.2,0.773996325111173,0.29,1.19534759832222,0.99,5.43729433149714,0.32,2.73768676140986,0.09,0.321928094887362,0.02,-1
"Q15361","TTF1",0,0,0,-0.62148837674627,0,0.20163386116965,0,-0.234465253637023,0,-0.666576266274808,0,-0.251538766995964,0,-0.643856189774725,0.01,0.238786859587116
"P55769","SNU13",0,-0.888968687611256,0.25,0.298658315564515,NA,NA,NA,NA,NA,NA,NA,NA,NA,NA,NA,NA
"O95602","POLR1A",0,0.356143810225275,0,0.356143810225275,0,0,0,-0.556393348524385,0,0,0,0.137503523749935,0.27,0.863938450423972,0,-0.184424571137427
"Q13428-4","TCOF1",0,-0.535331732996556,0,-0.15200309344505,0,0.565597175854225,0.01,0.321928094887362,0,-0.2688167584278,0,0.238786859587116,0,0.505890929729957,0,0.765534746362977
"Q13428-8","TCOF1",0,-0.434402824145775,0,-0.0588936890535686,0,0.432959407276106,0,0.150559676575381,0,-0.184424571137427,0,0.238786859587116,0,0.545968369105292,0,0.7311832415722
"P05165-2","PCCA",0,-1.05889368905357,0,-2.73696559416621,0,-1.73696559416621,0,-2.25153876699596,0,-2.12029423371771,0,-1.59946207041627,0,-1.68965987938785,0,-0.915935735211525
"P11142","HSPA8",0,-0.643856189774725,0,0.31034012061215,0,0.250961573533219,0,-0.888968687611256,0,-0.0588936890535686,0.11,1.07724299893246,0.02,0.918386234446348,0,0.356143810225275
"Q9HCC0-2","MCCC2",0,-2.18442457113743,0,-2.18442457113743,0,-1.51457317282976,0,-2.12029423371771,0,-2.55639334852439,0,-3.05889368905357,0,-1.28630418515664,0,-1.94341647163363
"P56537","EIF6",0,0.475084882948783,0,0.411426245726465,0.91,3,0.6,2.58496250072116,0.34,1.19534759832222,0.7,1.83592407425437,0.48,1.50080205305716,0.5,1.41683974191283
"Q9NPE3","NOP10",0,-0.234465253637023,0.02,0.432959407276106,0.29,1.23878685958712,0.01,0.344828496997441,0,-0.184424571137427,0.03,0.75702324650746,0.1,0.584962500721156,0.17,1
"Cont_P02538","Cont_P02538",0,-0.577766999316952,0,0.250961573533219,0,-0.0439433475875971,0,-0.761213140412883,0.17,0.137503523749935,0.01,0.790772037862,0,0.443606651475615,0,-0.184424571137427
"Q9H9Y6-2","POLR1B",0,0.411426245726465,0.03,0.739848102699327,0,0.16349873228288,0,-0.184424571137427,0,-0.888968687611256,0.01,0,0.28,1.16992500144231,0.06,0.584962500721156
"P11387","TOP1",0,-0.217591435072627,0,0.516015147003665,0,-0.577766999316952,0,-0.666576266274808,0,-0.971430847803229,0,-1.28630418515664,0,-0.666576266274808,0,-1
"Cont_P08779","Cont_P08779",0,-0.0588936890535686,0,0.704871964456353,0,-1.39592867633114,0,-0.494109070270043,0,-0.0144995696951151,0,0.367371065648529,0,-0.395928676331139,0,-0.473931188332412
"Cont_P13645","Cont_P13645",0,-0.915935735211525,0,-0.358453970912476,0,-0.251538766995964,0,-0.736965594166206,0,-0.713118852211838,0,-0.0144995696951151,0,0.584962500721156,0,0.622930350920177
"Cont_P02533","Cont_P02533",0,-0.689659879387849,0,-0.15200309344505,0,-0.3040061868901,0,-0.434402824145775,0,-0.713118852211838,0,0.16349873228288,0,0.765534746362977,0,1.01435529297707
"P11498","PC",0,0,0,-0.666576266274808,0,-0.494109070270043,0,-0.713118852211838,0,-0.395928676331139,0,-0.454031630894707,0,-1.88896868761126,0,-1.08926733809709
"Cont_P35908","Cont_P35908",0,-0.713118852211838,0,-0.3040061868901,0,-0.83650126771712,0,-1.35845397091248,0,-0.200912693925996,0,0.485426827170242,0,0.0426443374084937,0,0
"P62701","RPS4X",0,-1.59946207041627,0,-1.59946207041627,0.05,-1,NA,NA,NA,NA,NA,NA,NA,NA,NA,NA
"Q96RQ3","MCCC1",0,-1,0,-2.83650126771712,0,-0.577766999316952,0,-1.08926733809709,0,0,0,-0.2688167584278,0,-1.88896868761126,0,-0.643856189774725
"P49848-4","TAF6",0,-1.08926733809709,0,-1.08926733809709,0.01,-0.0892673380970874,0,-1.68965987938785,0,-1,NA,NA,0.22,0.189033824390017,0,-1.78587519464715
"Cont_P22629","Cont_P22629",0,-0.556393348524385,0,0.650764559116902,NA,NA,0.33,6.94637996751037,0.33,7.26049618694664,0.67,8.09450000483505,NA,NA,0.33,6.260590274731
"Q8NE71","ABCF1",0,-0.535331732996556,0,-0.514573172829758,0,0.687060688339892,0,-0.200912693925996,0,-0.415037499278844,0,0.0976107966264223,0,0.545968369105292,0.29,1.04264433740849
"O14617-4","AP3D1",0,-0.83650126771712,0,-0.785875194647153,0,0.948600847493356,0,0.344828496997441,0,-0.713118852211838,0,0.464668267003444,0,0.400537929583729,0,0.773996325111173
"Q1ED39","KNOP1",0,-0.810966175609983,0,-0.736965594166206,0,-0.577766999316952,0,-0.321928094887362,0,-0.689659879387849,0,0.22650852980868,0,0.150559676575381,0,0
"Q13085-3","ACACA",0,-1.12029423371771,0,-2,0,-0.713118852211838,0,-1.55639334852439,0,-1.68965987938785,0,-1.59946207041627,0,-1.08926733809709,0,-1.18442457113743
"Q9NX58","LYAR",0,-0.120294233717712,0,-0.184424571137427,0.01,1.11769504266975,0,0.124328135002202,0,0.176322772640463,0,0.594548549550354,0,0.070389327891398,0,-0.200912693925996
"Q14980-2","NUMA1",0,-0.217591435072627,0.01,0.516015147003665,0.01,0,0,-0.494109070270043,0.11,0.84799690655495,0.11,0.263034405833794,0,-0.83650126771712,0,-2.18442457113743
"Cont_P04264","Cont_P04264",0,-1,0,-0.2688167584278,0,-0.251538766995964,0,-1.12029423371771,0,-0.62148837674627,0,-0.3040061868901,0,0.400537929583729,0,-0.0588936890535686
"P62241","RPS8",0,-0.810966175609983,0,-1.05889368905357,0.33,4.54411440220947,0.33,4.05918219921169,0.33,4.05918219921169,1,5.19652836093694,0.12,0.22650852980868,0.22,0.739848102699327
"Cont_P13647","Cont_P13647",0,-0.234465253637023,0,-0.184424571137427,0,-0.0892673380970874,0,-1.55639334852439,0,0.111031312388744,0,-0.200912693925996,0,-0.0740005814437769,0,-2.05889368905357
"P18124","RPL7",0,-0.535331732996556,0,-1.25153876699596,0,0.20163386116965,0,-0.184424571137427,0,-0.454031630894707,0,0,0,-0.184424571137427,0,-0.184424571137427
"Q16594","TAF9",0,-1.59946207041627,0.06,-0.577766999316952,0.02,-0.184424571137427,NA,NA,NA,NA,NA,NA,NA,NA,NA,NA
"Cont_P35527","Cont_P35527",0,-1.02914634565952,0,-0.454031630894707,0,0.0143552929770701,0,-0.200912693925996,0,-0.915935735211525,0,-0.0144995696951151,0,0.464668267003444,0,0.7311832415722
"P11021","HSPA5",0,-0.454031630894707,0,0.344828496997441,0,0.37851162325373,0,-0.415037499278844,0,-0.434402824145775,0.34,1.17632277264046,0,-0.286304185156641,0,0.124328135002202
"P36578","RPL4",0,-0.761213140412883,0,-1.15200309344505,0.01,-0.494109070270043,0.04,0.238786859587116,0,-1.05889368905357,0,0.16349873228288,0.05,0.070389327891398,0.13,1.13093086982645
"P23588","EIF4B",NA,NA,1,5.19652836093694,0.66,4.54411440220947,0.33,3.73660487531425,1,6.0589658220023,0.99,5.19652836093694,1,5.90689059560852,0.33,3.32192809488736
"P62979","RPS27A",NA,NA,0.67,6.94637996751037,NA,NA,0.33,6.43746079951105,NA,NA,NA,NA,0.99,6.12928301694497,0.32,2.73768676140986
"Q15018","ABRAXAS2",NA,NA,0.66,4.7371459197762,NA,NA,0.62,3.73660487531425,0.32,2.73768676140986,NA,NA,NA,NA,NA,NA
"Q86TG7","PEG10",NA,NA,0.66,4.7371459197762,NA,NA,0.31,2.73768676140986,0.66,4.32192809488736,0.67,5.05874941233552,NA,NA,0.33,4.32192809488736
"Q02413","DSG1",NA,NA,0.65,4.05918219921169,0.65,3.73660487531425,NA,NA,0.15,0,0.47,1.58496250072116,0.16,0,0.15,0
"P21980-2","TGM2",NA,NA,0.65,4.05918219921169,0.24,0.411426245726465,0.12,0,0.32,2.73768676140986,0.33,3.73660487531425,NA,NA,NA,NA
"P0DMV8-2","HSPA1A",NA,NA,0.59,1.93734439215023,0,-0.689659879387849,0,-2.73696559416621,0.29,1,0.95,3.39231742277876,0.2,0.739848102699327,0.02,0.150559676575381
"Q6KB66-2","KRT80",NA,NA,0.39,1.32192809488736,NA,NA,NA,NA,NA,NA,0.32,2.73768676140986,NA,NA,NA,NA
"P04279","SEMG1",NA,NA,0.33,3.32192809488736,0.2,0,0.02,-1,0.32,2.73768676140986,0.33,7.22881869049588,NA,NA,NA,NA
"Cont_O43790","Cont_O43790",NA,NA,0.33,3.73660487531425,NA,NA,NA,NA,NA,NA,NA,NA,NA,NA,NA,NA
"Q8N257","HIST3H2BB",NA,NA,0.33,3.73660487531425,0.33,3.73660487531425,NA,NA,NA,NA,NA,NA,NA,NA,0.33,4.90689059560852
"Cont_Q9NSB2","Cont_Q9NSB2",NA,NA,0.33,4.54411440220947,NA,NA,NA,NA,NA,NA,NA,NA,NA,NA,NA,NA
"P62861","FAU",NA,NA,0.33,3.32192809488736,NA,NA,NA,NA,NA,NA,NA,NA,NA,NA,NA,NA
"P10321","HLA-C",NA,NA,0.33,3.32192809488736,NA,NA,NA,NA,NA,NA,0.33,4.05918219921169,NA,NA,NA,NA
"Cont_Q9D646","Cont_Q9D646",NA,NA,0.33,3.73660487531425,NA,NA,NA,NA,NA,NA,NA,NA,NA,NA,NA,NA
"Cont_Q15323","Cont_Q15323",NA,NA,0.33,4.32192809488736,NA,NA,NA,NA,NA,NA,NA,NA,NA,NA,NA,NA
"P13010","XRCC5",NA,NA,0.33,3.32192809488736,NA,NA,0.33,3.73660487531425,NA,NA,NA,NA,NA,NA,NA,NA
"Q9BVP2-2","GNL3",NA,NA,0.33,3.32192809488736,NA,NA,NA,NA,0.32,2.73768676140986,0.32,2.73768676140986,NA,NA,NA,NA
"P07814","EPRS",NA,NA,0.33,3.32192809488736,NA,NA,NA,NA,NA,NA,0.32,2.73768676140986,NA,NA,0.33,3.32192809488736
"Q92841-1","DDX17",NA,NA,0.33,3.32192809488736,0.32,2.73768676140986,NA,NA,NA,NA,NA,NA,NA,NA,NA,NA
"P62942","FKBP1A",NA,NA,0.33,4.32192809488736,NA,NA,NA,NA,NA,NA,0.33,4.7371459197762,NA,NA,NA,NA
"P61106","RAB14",NA,NA,0.33,3.32192809488736,0.66,4.32192809488736,NA,NA,NA,NA,NA,NA,NA,NA,NA,NA
"Cont_Q7Z794","Cont_Q7Z794",NA,NA,0.33,4.05918219921169,0.33,4.32192809488736,NA,NA,NA,NA,0.02,1,NA,NA,1,6.43746079951105
"P46821","MAP1B",NA,NA,0.33,4.54411440220947,0.32,2.73768676140986,0.33,4.05918219921169,1,5.64385618977472,0.67,4.90689059560852,0.67,5.05874941233552,NA,NA
"P42345","MTOR",NA,NA,0.33,3.32192809488736,NA,NA,NA,NA,NA,NA,NA,NA,NA,NA,NA,NA
"Q15773","MLF2",NA,NA,0.32,1,NA,NA,0.33,3.32192809488736,NA,NA,NA,NA,NA,NA,NA,NA
"Q12824-2","SMARCB1",NA,NA,0.32,2.73768676140986,NA,NA,NA,NA,NA,NA,NA,NA,NA,NA,NA,NA
"Cont_P02769","Cont_P02769",NA,NA,0.32,2.73768676140986,0.33,3.32192809488736,0.31,2.73768676140986,0,-1.21759143507263,0,-0.494109070270043,NA,NA,NA,NA
"P49327","FASN",NA,NA,0.32,2.73768676140986,0.66,4.32192809488736,NA,NA,0.22,0.584962500721156,0.29,1,0.32,2.73768676140986,NA,NA
"Q5T4S7-3","UBR4",NA,NA,0.32,2.73768676140986,NA,NA,0.64,4.32192809488736,NA,NA,0.33,3.73660487531425,NA,NA,0.33,3.73660487531425
"Q3YEC7","RABL6",NA,NA,0.32,2.73768676140986,0.35,1,0.11,0,NA,NA,NA,NA,NA,NA,0.32,2.73768676140986
"P28072","PSMB6",NA,NA,0.32,2.73768676140986,NA,NA,NA,NA,NA,NA,NA,NA,NA,NA,NA,NA
"Q9Y678","COPG1",NA,NA,0.32,2.73768676140986,NA,NA,0.31,2.73768676140986,NA,NA,NA,NA,NA,NA,NA,NA
"P62333","PSMC6",NA,NA,0.32,2.73768676140986,NA,NA,0.31,2.73768676140986,NA,NA,0.66,4.05918219921169,NA,NA,0.32,2.73768676140986
"P13747","HLA-E",NA,NA,0.32,2.73768676140986,NA,NA,NA,NA,NA,NA,NA,NA,NA,NA,NA,NA
"Q9Y266","NUDC",NA,NA,0.32,2.73768676140986,0.32,2.73768676140986,0.31,2.73768676140986,NA,NA,NA,NA,NA,NA,NA,NA
"Q96PD2","DCBLD2",NA,NA,0.32,2.73768676140986,NA,NA,NA,NA,NA,NA,NA,NA,NA,NA,NA,NA
"Q5T3I0","GPATCH4",NA,NA,0.32,2.73768676140986,NA,NA,NA,NA,NA,NA,NA,NA,0.32,2.73768676140986,NA,NA
"Q99816","TSG101",NA,NA,0.32,2.73768676140986,NA,NA,NA,NA,NA,NA,NA,NA,NA,NA,NA,NA
"Q9BZF9-2","UACA",NA,NA,0.32,2.73768676140986,NA,NA,NA,NA,NA,NA,NA,NA,NA,NA,NA,NA
"Cont_P78386","Cont_P78386",NA,NA,0.32,2.73768676140986,NA,NA,NA,NA,NA,NA,NA,NA,NA,NA,NA,NA
"P52434-3","POLR2H",NA,NA,0.32,2.73768676140986,NA,NA,NA,NA,NA,NA,NA,NA,0.33,6.12928301694497,NA,NA
"O00159-2","MYO1C",NA,NA,0.32,2.73768676140986,NA,NA,NA,NA,0.32,2.73768676140986,NA,NA,NA,NA,NA,NA
"P43686-2","PSMC4",NA,NA,0.32,2.73768676140986,NA,NA,NA,NA,NA,NA,NA,NA,NA,NA,NA,NA
"Q03252","LMNB2",NA,NA,0.32,2.73768676140986,0.33,3.32192809488736,NA,NA,NA,NA,NA,NA,NA,NA,NA,NA
"P53621","COPA",NA,NA,0.32,2.73768676140986,0.11,-0.577766999316952,NA,NA,NA,NA,0.32,2.73768676140986,NA,NA,NA,NA
"Q68CZ2-2","TNS3",NA,NA,0.32,2.73768676140986,NA,NA,NA,NA,NA,NA,NA,NA,NA,NA,NA,NA
"Q08945","SSRP1",NA,NA,0.32,2.73768676140986,0.32,2.73768676140986,NA,NA,NA,NA,NA,NA,NA,NA,0.32,2.73768676140986
"O00232","PSMD12",NA,NA,0.32,2.73768676140986,NA,NA,NA,NA,NA,NA,NA,NA,NA,NA,NA,NA
"Q9ULT8","HECTD1",NA,NA,0.32,2.73768676140986,NA,NA,NA,NA,NA,NA,NA,NA,NA,NA,NA,NA
"P40227-2","CCT6A",NA,NA,0.32,2.73768676140986,NA,NA,NA,NA,NA,NA,NA,NA,NA,NA,NA,NA
"Q8IVM0","CCDC50",NA,NA,0.32,2.73768676140986,NA,NA,NA,NA,NA,NA,NA,NA,NA,NA,NA,NA
"Q8NI36","WDR36",NA,NA,0.32,2.73768676140986,0.32,2.73768676140986,NA,NA,NA,NA,NA,NA,NA,NA,NA,NA
"P78559","MAP1A",NA,NA,0.32,2.73768676140986,NA,NA,NA,NA,0.65,4.05918219921169,NA,NA,0.33,3.32192809488736,NA,NA
"Q9H583","HEATR1",NA,NA,0.32,2.73768676140986,NA,NA,0.18,0.584962500721156,NA,NA,0.33,3.32192809488736,NA,NA,NA,NA
"Q9Y5B9","SUPT16H",NA,NA,0.28,1,0.17,0,NA,NA,0.32,2.73768676140986,NA,NA,NA,NA,NA,NA
"Q07065","CKAP4",NA,NA,0.26,0.739848102699327,0.33,3.73660487531425,0.31,2.73768676140986,NA,NA,0.05,0,0.16,0,0.32,1.58496250072116
"P19338","NCL",NA,NA,0.23,0.584962500721156,0.65,3.73660487531425,NA,NA,NA,NA,0.33,4.05918219921169,NA,NA,NA,NA
"P62854","RPS26",NA,NA,0.09,-0.321928094887362,NA,NA,NA,NA,NA,NA,NA,NA,NA,NA,NA,NA
"Q96SB4-4","SRPK1",NA,NA,0.09,-0.577766999316952,NA,NA,NA,NA,NA,NA,NA,NA,NA,NA,NA,NA
"P50991-2","CCT4",NA,NA,0.09,-0.577766999316952,0.33,3.73660487531425,NA,NA,0.1,-0.415037499278844,NA,NA,NA,NA,NA,NA
"Q96FV9","THOC1",NA,NA,0.05,-0.736965594166206,0.24,0.584962500721156,0.29,1.32192809488736,NA,NA,0.66,4.54411440220947,0.09,-0.577766999316952,0.22,0.411426245726465
"Q15365","PCBP1",NA,NA,0.04,-1,NA,NA,NA,NA,NA,NA,NA,NA,NA,NA,NA,NA
"P62917","RPL8",NA,NA,0.04,-1,NA,NA,NA,NA,0.33,3.32192809488736,NA,NA,NA,NA,NA,NA
"P18077","RPL35A",NA,NA,0,-1.32192809488736,NA,NA,0.11,0.37851162325373,0,-1.78587519464715,0.19,0.0976107966264223,0,-0.761213140412883,0,0.31034012061215
"Cont_P19013","Cont_P19013",NA,NA,0,-1.47393118833241,NA,NA,0.31,2.73768676140986,NA,NA,0.33,5.90689059560852,NA,NA,0.33,4.54411440220947
"Q86UE4","MTDH",NA,NA,NA,NA,0.67,5.19652836093694,NA,NA,0.32,2.73768676140986,NA,NA,NA,NA,0.33,5.8245132973348
"P04843","RPN1",NA,NA,NA,NA,0.66,4.32192809488736,NA,NA,NA,NA,0.36,1,NA,NA,NA,NA
"Q9NVP1","DDX18",NA,NA,NA,NA,0.65,3.73660487531425,NA,NA,0.33,3.32192809488736,0.33,3.32192809488736,0.09,-0.577766999316952,0.39,1.41683974191283
"P67936","TPM4",NA,NA,NA,NA,0.65,4.05918219921169,NA,NA,NA,NA,NA,NA,NA,NA,NA,NA
"P09651-3","HNRNPA1",NA,NA,NA,NA,0.65,4.05918219921169,NA,NA,NA,NA,NA,NA,NA,NA,NA,NA
"P11216","PYGB",NA,NA,NA,NA,0.65,3.73660487531425,NA,NA,0.32,2.73768676140986,NA,NA,0.32,2.73768676140986,NA,NA
"Q6P2Q9","PRPF8",NA,NA,NA,NA,0.65,3.73660487531425,NA,NA,NA,NA,NA,NA,NA,NA,NA,NA
"P51148","RAB5C",NA,NA,NA,NA,0.33,3.73660487531425,NA,NA,NA,NA,NA,NA,NA,NA,NA,NA
"O60841","EIF5B",NA,NA,NA,NA,0.33,3.32192809488736,NA,NA,NA,NA,0.18,0,0.01,-1.32192809488736,0.33,0.84799690655495
"Q9BX70","BTBD2",NA,NA,NA,NA,0.33,3.32192809488736,NA,NA,NA,NA,NA,NA,0.16,0,NA,NA
"Q08211","DHX9",NA,NA,NA,NA,0.33,3.73660487531425,NA,NA,NA,NA,NA,NA,NA,NA,NA,NA
"Cont_P02465","Cont_P02465",NA,NA,NA,NA,0.33,3.73660487531425,NA,NA,NA,NA,NA,NA,NA,NA,NA,NA
"Cont_P02453","Cont_P02453",NA,NA,NA,NA,0.33,6.94637996751037,NA,NA,NA,NA,NA,NA,NA,NA,NA,NA
"Q00325-2","SLC25A3",NA,NA,NA,NA,0.33,3.32192809488736,NA,NA,NA,NA,NA,NA,NA,NA,NA,NA
"P15311","EZR",NA,NA,NA,NA,0.33,3.32192809488736,NA,NA,0.32,2.73768676140986,0.66,4.05918219921169,NA,NA,0.32,2.73768676140986
"Q14204","DYNC1H1",NA,NA,NA,NA,0.33,3.32192809488736,NA,NA,NA,NA,0.32,2.73768676140986,NA,NA,NA,NA
"Q06830","PRDX1",NA,NA,NA,NA,0.33,3.32192809488736,NA,NA,0.09,-0.577766999316952,NA,NA,NA,NA,NA,NA
"Cont_Q6IFZ6","Cont_Q6IFZ6",NA,NA,NA,NA,0.33,5.73687542290827,NA,NA,NA,NA,0.12,0.367371065648529,NA,NA,0.33,3.73660487531425
"Q12931-2","TRAP1",NA,NA,NA,NA,0.33,3.32192809488736,NA,NA,NA,NA,NA,NA,NA,NA,NA,NA
"P12956-2","XRCC6",NA,NA,NA,NA,0.33,3.32192809488736,0.33,4.05918219921169,0,-0.577766999316952,0.06,0.641546029087524,0.09,-0.577766999316952,0.42,1.41683974191283
"P26641","EEF1G",NA,NA,NA,NA,0.33,3.32192809488736,NA,NA,0.32,2.73768676140986,NA,NA,NA,NA,NA,NA
"Q00610-2","CLTC",NA,NA,NA,NA,0.33,3.73660487531425,NA,NA,NA,NA,0.18,0,NA,NA,NA,NA
"P17844-2","DDX5",NA,NA,NA,NA,0.32,2.73768676140986,0.31,2.73768676140986,0.15,0,NA,NA,NA,NA,NA,NA
"Q14152-2","EIF3A",NA,NA,NA,NA,0.32,2.73768676140986,NA,NA,NA,NA,NA,NA,NA,NA,NA,NA
"P00558-2","PGK1",NA,NA,NA,NA,0.32,2.73768676140986,NA,NA,NA,NA,NA,NA,NA,NA,NA,NA
"P30048-2","PRDX3",NA,NA,NA,NA,0.32,2.73768676140986,NA,NA,NA,NA,NA,NA,NA,NA,NA,NA
"O95816","BAG2",NA,NA,NA,NA,0.32,2.73768676140986,NA,NA,NA,NA,NA,NA,NA,NA,0.33,3.32192809488736
"P78371-2","CCT2",NA,NA,NA,NA,0.32,2.73768676140986,NA,NA,NA,NA,NA,NA,NA,NA,NA,NA
"P11413","G6PD",NA,NA,NA,NA,0.32,2.73768676140986,NA,NA,NA,NA,NA,NA,NA,NA,NA,NA
"P04406-2","GAPDH",NA,NA,NA,NA,0.32,2.73768676140986,NA,NA,NA,NA,0.33,3.32192809488736,NA,NA,NA,NA
"P27695","APEX1",NA,NA,NA,NA,0.32,2.73768676140986,NA,NA,NA,NA,NA,NA,NA,NA,NA,NA
"P60842","EIF4A1",NA,NA,NA,NA,0.32,2.73768676140986,NA,NA,NA,NA,0.32,2.73768676140986,NA,NA,NA,NA
"Cont_P00698","Cont_P00698",NA,NA,NA,NA,0.32,2.73768676140986,NA,NA,NA,NA,NA,NA,NA,NA,NA,NA
"P62244","RPS15A",NA,NA,NA,NA,0.32,2.73768676140986,NA,NA,NA,NA,NA,NA,NA,NA,NA,NA
"P46777","RPL5",NA,NA,NA,NA,0.32,2.73768676140986,NA,NA,NA,NA,NA,NA,NA,NA,NA,NA
"P55884","EIF3B",NA,NA,NA,NA,0.32,2.73768676140986,NA,NA,NA,NA,NA,NA,NA,NA,NA,NA
"P49411","TUFM",NA,NA,NA,NA,0.32,2.73768676140986,NA,NA,NA,NA,0.32,2.73768676140986,NA,NA,NA,NA
"P60900","PSMA6",NA,NA,NA,NA,0.32,2.73768676140986,NA,NA,NA,NA,0.66,4.32192809488736,NA,NA,0.33,3.32192809488736
"Q15061","WDR43",NA,NA,NA,NA,0.28,1,NA,NA,NA,NA,NA,NA,NA,NA,NA,NA
"Cont_P63103","Cont_P63103",NA,NA,NA,NA,0.24,0.411426245726465,NA,NA,NA,NA,NA,NA,NA,NA,NA,NA
"P29692","EEF1D",NA,NA,NA,NA,0.24,0.584962500721156,NA,NA,0.04,-1,NA,NA,0.64,3.73660487531425,NA,NA
"Q14839","CHD4",NA,NA,NA,NA,0.17,0,NA,NA,NA,NA,NA,NA,0.32,2.73768676140986,NA,NA
"O94776","MTA2",NA,NA,NA,NA,0.17,0,0.11,0,NA,NA,NA,NA,NA,NA,NA,NA
"P33993-3","MCM7",NA,NA,NA,NA,0.17,0,NA,NA,NA,NA,NA,NA,NA,NA,NA,NA
"P27348","YWHAQ",NA,NA,NA,NA,0.12,-0.415037499278844,NA,NA,NA,NA,NA,NA,NA,NA,NA,NA
"P14923","JUP",NA,NA,NA,NA,0.12,-0.415037499278844,NA,NA,0.24,0.807354922057604,NA,NA,NA,NA,NA,NA
"P06753-3","TPM3",NA,NA,NA,NA,0.11,-0.577766999316952,NA,NA,NA,NA,NA,NA,NA,NA,NA,NA
"O00763-3","ACACB",NA,NA,NA,NA,0,-1.68965987938785,NA,NA,0,-1.59946207041627,0,-1.43440282414577,0,-1.25153876699596,0,-0.2688167584278
"Q9Y5V3","MAGED1",NA,NA,NA,NA,NA,NA,0.33,3.73660487531425,NA,NA,0.66,4.05918219921169,NA,NA,0.33,3.32192809488736
"Q96HE9","PRR11",NA,NA,NA,NA,NA,NA,0.31,2.73768676140986,NA,NA,0.32,2.73768676140986,NA,NA,NA,NA
"Q12788","TBL3",NA,NA,NA,NA,NA,NA,0.18,0.584962500721156,NA,NA,0.66,4.54411440220947,NA,NA,NA,NA
"O76021","RSL1D1",NA,NA,NA,NA,NA,NA,0.09,0.321928094887362,NA,NA,NA,NA,0.03,-0.810966175609983,0.01,-1.21759143507263
"Q14195-2","DPYSL3",NA,NA,NA,NA,NA,NA,NA,NA,0.99,4.90689059560852,0.66,4.05918219921169,NA,NA,0.32,2.73768676140986
"Q6Y7W6-4","GIGYF2",NA,NA,NA,NA,NA,NA,NA,NA,0.65,4.32192809488736,NA,NA,NA,NA,NA,NA
"Q96N67-4","DOCK7",NA,NA,NA,NA,NA,NA,NA,NA,0.65,4.05918219921169,NA,NA,NA,NA,NA,NA
"Q71UI9-2","H2AFV",NA,NA,NA,NA,NA,NA,NA,NA,0.33,3.32192809488736,NA,NA,NA,NA,NA,NA
"O14641","DVL2",NA,NA,NA,NA,NA,NA,NA,NA,0.33,3.32192809488736,NA,NA,NA,NA,NA,NA
"P49450-2","CENPA",NA,NA,NA,NA,NA,NA,NA,NA,0.33,3.32192809488736,NA,NA,NA,NA,NA,NA
"P21589","NT5E",NA,NA,NA,NA,NA,NA,NA,NA,0.33,3.32192809488736,0.32,2.73768676140986,0.33,3.24792751344359,NA,NA
"Q02880-2","TOP2B",NA,NA,NA,NA,NA,NA,NA,NA,0.32,2.73768676140986,NA,NA,NA,NA,0.22,0.584962500721156
"O15056-3","SYNJ2",NA,NA,NA,NA,NA,NA,NA,NA,0.32,2.73768676140986,NA,NA,NA,NA,NA,NA
"Q8IUE6","HIST2H2AB",NA,NA,NA,NA,NA,NA,NA,NA,0.32,2.73768676140986,NA,NA,0.32,2.73768676140986,NA,NA
"Q15393","SF3B3",NA,NA,NA,NA,NA,NA,NA,NA,0.32,2.73768676140986,NA,NA,NA,NA,NA,NA
"Q9UMZ2-6","SYNRG",NA,NA,NA,NA,NA,NA,NA,NA,0.32,2.73768676140986,NA,NA,NA,NA,NA,NA
"Q9BXF6","RAB11FIP5",NA,NA,NA,NA,NA,NA,NA,NA,0.32,2.73768676140986,NA,NA,NA,NA,NA,NA
"Q9UHD8-4","45544",NA,NA,NA,NA,NA,NA,NA,NA,0.32,2.73768676140986,NA,NA,NA,NA,NA,NA
"Q07157-2","TJP1",NA,NA,NA,NA,NA,NA,NA,NA,0.32,2.73768676140986,NA,NA,NA,NA,NA,NA
"Q8WWI1-3","LMO7",NA,NA,NA,NA,NA,NA,NA,NA,0.32,2.73768676140986,NA,NA,NA,NA,NA,NA
"Q2M2I8-2","AAK1",NA,NA,NA,NA,NA,NA,NA,NA,0.32,2.73768676140986,NA,NA,NA,NA,NA,NA
"P49368-2","CCT3",NA,NA,NA,NA,NA,NA,NA,NA,0.32,2.73768676140986,NA,NA,NA,NA,NA,NA
"Q9P0V3","SH3BP4",NA,NA,NA,NA,NA,NA,NA,NA,0.32,2.73768676140986,NA,NA,NA,NA,NA,NA
"Q8N4C8-2","MINK1",NA,NA,NA,NA,NA,NA,NA,NA,0.32,2.73768676140986,NA,NA,0.32,2.73768676140986,NA,NA
"Q14677","CLINT1",NA,NA,NA,NA,NA,NA,NA,NA,0.32,2.73768676140986,NA,NA,NA,NA,NA,NA
"P50747","HLCS",NA,NA,NA,NA,NA,NA,NA,NA,0.32,2.73768676140986,NA,NA,NA,NA,NA,NA
"P50454","SERPINH1",NA,NA,NA,NA,NA,NA,NA,NA,0.32,2.73768676140986,NA,NA,NA,NA,NA,NA
"Q96TA1-2","FAM129B",NA,NA,NA,NA,NA,NA,NA,NA,0.32,2.73768676140986,NA,NA,NA,NA,NA,NA
"P22492","HIST1H1T",NA,NA,NA,NA,NA,NA,NA,NA,0.32,2.73768676140986,NA,NA,NA,NA,NA,NA
"P11388","TOP2A",NA,NA,NA,NA,NA,NA,NA,NA,0.15,0,0.42,1.32192809488736,NA,NA,NA,NA
"P35232","PHB",NA,NA,NA,NA,NA,NA,NA,NA,0.15,0,0.18,0,NA,NA,NA,NA
"P60660","MYL6",NA,NA,NA,NA,NA,NA,NA,NA,0.15,0,NA,NA,NA,NA,NA,NA
"Q92522","H1FX",NA,NA,NA,NA,NA,NA,NA,NA,0.11,-0.321928094887362,NA,NA,NA,NA,NA,NA
"P28074","PSMB5",NA,NA,NA,NA,NA,NA,NA,NA,NA,NA,0.66,4.05918219921169,NA,NA,NA,NA
"P35869","AHR",NA,NA,NA,NA,NA,NA,NA,NA,NA,NA,0.33,3.32192809488736,NA,NA,NA,NA
"P11940-2","PABPC1",NA,NA,NA,NA,NA,NA,NA,NA,NA,NA,0.33,3.32192809488736,NA,NA,NA,NA
"P10809","HSPD1",NA,NA,NA,NA,NA,NA,NA,NA,NA,NA,0.32,2.73768676140986,NA,NA,NA,NA
"P41252","IARS",NA,NA,NA,NA,NA,NA,NA,NA,NA,NA,0.32,2.73768676140986,NA,NA,0.33,5.32192809488736
"P38159-2","RBMX",NA,NA,NA,NA,NA,NA,NA,NA,NA,NA,0.32,2.73768676140986,NA,NA,NA,NA
"Q13200-2","PSMD2",NA,NA,NA,NA,NA,NA,NA,NA,NA,NA,0.32,2.73768676140986,NA,NA,NA,NA
"Q6IBS0","TWF2",NA,NA,NA,NA,NA,NA,NA,NA,NA,NA,0.32,2.73768676140986,NA,NA,NA,NA
"O96019-2","ACTL6A",NA,NA,NA,NA,NA,NA,NA,NA,NA,NA,0.32,2.73768676140986,NA,NA,0.32,2.73768676140986
"P0DP23","CALM1",NA,NA,NA,NA,NA,NA,NA,NA,NA,NA,0.32,2.73768676140986,NA,NA,NA,NA
"P39656-2","DDOST",NA,NA,NA,NA,NA,NA,NA,NA,NA,NA,0.32,2.73768676140986,NA,NA,NA,NA
"P61626","LYZ",NA,NA,NA,NA,NA,NA,NA,NA,NA,NA,0.32,2.73768676140986,NA,NA,NA,NA
"P46379-4","BAG6",NA,NA,NA,NA,NA,NA,NA,NA,NA,NA,0.32,2.73768676140986,NA,NA,NA,NA
"Q8TAQ2-2","SMARCC2",NA,NA,NA,NA,NA,NA,NA,NA,NA,NA,0.32,2.73768676140986,NA,NA,NA,NA
"P40926-2","MDH2",NA,NA,NA,NA,NA,NA,NA,NA,NA,NA,0.32,2.73768676140986,NA,NA,NA,NA
"Q04917","YWHAH",NA,NA,NA,NA,NA,NA,NA,NA,NA,NA,0.32,2.73768676140986,NA,NA,NA,NA
"P31153-2","MAT2A",NA,NA,NA,NA,NA,NA,NA,NA,NA,NA,0.32,2.73768676140986,NA,NA,NA,NA
"Q92995-2","USP13",NA,NA,NA,NA,NA,NA,NA,NA,NA,NA,0.32,2.73768676140986,NA,NA,NA,NA
"Q00839-2","HNRNPU",NA,NA,NA,NA,NA,NA,NA,NA,NA,NA,0.18,0,NA,NA,NA,NA
"Q9H910-2","JPT2",NA,NA,NA,NA,NA,NA,NA,NA,NA,NA,NA,NA,0.32,2.73768676140986,NA,NA
"Q9UFH2","DNAH17",NA,NA,NA,NA,NA,NA,NA,NA,NA,NA,NA,NA,0.32,2.73768676140986,NA,NA
"P46776","RPL27A",NA,NA,NA,NA,NA,NA,NA,NA,NA,NA,NA,NA,0.32,2.73768676140986,0.33,3.32192809488736
"P54136-2","RARS",NA,NA,NA,NA,NA,NA,NA,NA,NA,NA,NA,NA,NA,NA,0.33,3.32192809488736
"P78362","SRPK2",NA,NA,NA,NA,NA,NA,NA,NA,NA,NA,NA,NA,NA,NA,0.33,3.32192809488736
"P14868-2","DARS",NA,NA,NA,NA,NA,NA,NA,NA,NA,NA,NA,NA,NA,NA,0.33,4.90689059560852
"Q562R1","ACTBL2",NA,NA,NA,NA,NA,NA,NA,NA,NA,NA,NA,NA,NA,NA,0.33,3.32192809488736
"P56192","MARS",NA,NA,NA,NA,NA,NA,NA,NA,NA,NA,NA,NA,NA,NA,0.33,5.19652836093694
"P35998","PSMC2",NA,NA,NA,NA,NA,NA,NA,NA,NA,NA,NA,NA,NA,NA,0.32,2.73768676140986
"Q9P2J5-3","LARS",NA,NA,NA,NA,NA,NA,NA,NA,NA,NA,NA,NA,NA,NA,0.32,2.73768676140986
"P19784","CSNK2A2",NA,NA,NA,NA,NA,NA,NA,NA,NA,NA,NA,NA,NA,NA,0.32,2.73768676140986
"Q15046","KARS",NA,NA,NA,NA,NA,NA,NA,NA,NA,NA,NA,NA,NA,NA,0.32,2.73768676140986
